Topics,Proportions
0,38.402615
1,28.041939
2,18.027674
3,15.527773
